{"cameraMode":{"drawMode":0,"name":"Shaded","section":"Shading Mode"},"sceneLighting":false,"audioPlay":false,"sceneViewState":{"m_AlwaysRefresh":false,"showFog":true,"showSkybox":true,"showFlares":true,"showImageEffects":true,"showParticleSystems":true,"showVisualEffectGraphs":true,"m_FxEnabled":true},"in2DMode":false,"pivot":{"x":11.869035720825196,"y":46.64432907104492,"z":-10.803407669067383},"rotation":{"x":0.5623601078987122,"y":-0.0062700179405510429,"z":0.004167894832789898,"w":0.8267588019371033},"size":9.033347129821778,"orthographic":false}